-- phpMyAdmin SQL Dump
-- version 5.2.1
-- https://www.phpmyadmin.net/
--
-- Host: mysql
-- Generation Time: Aug 12, 2024 at 02:25 PM
-- Server version: 8.4.0
-- PHP Version: 8.2.8

SET SQL_MODE = "NO_AUTO_VALUE_ON_ZERO";
START TRANSACTION;
SET time_zone = "+00:00";


/*!40101 SET @OLD_CHARACTER_SET_CLIENT=@@CHARACTER_SET_CLIENT */;
/*!40101 SET @OLD_CHARACTER_SET_RESULTS=@@CHARACTER_SET_RESULTS */;
/*!40101 SET @OLD_COLLATION_CONNECTION=@@COLLATION_CONNECTION */;
/*!40101 SET NAMES utf8mb4 */;

--
-- Database: `quiz`
--

-- --------------------------------------------------------

--
-- Table structure for table `answers`
--

CREATE TABLE `answers` (
  `id` int NOT NULL,
  `answer` varchar(150) CHARACTER SET utf8mb4 COLLATE utf8mb4_unicode_ci NOT NULL,
  `is_correct` tinyint(1) NOT NULL,
  `question_id` int NOT NULL
) ENGINE=InnoDB DEFAULT CHARSET=utf8mb4 COLLATE=utf8mb4_unicode_ci;

--
-- Dumping data for table `answers`
--

INSERT INTO `answers` (`id`, `answer`, `is_correct`, `question_id`) VALUES
(1, 'Polen', 1, 1),
(2, 'Ungarn', 0, 1),
(3, 'Schweden', 1, 1),
(4, 'Tschechien', 0, 1),
(5, 'Rhein', 1, 2),
(6, 'Donau', 1, 2),
(7, 'Themse', 0, 2),
(8, 'Elbe', 1, 2),
(9, 'Deutschland', 1, 3),
(10, 'Norwegen', 0, 3),
(11, 'Frankreich', 1, 3),
(12, 'Schweiz', 0, 3),
(13, 'Tokio', 1, 4),
(14, 'Kairo', 0, 4),
(15, 'Delhi', 1, 4),
(16, 'Bangkok', 1, 4),
(17, 'Spanien', 1, 5),
(18, 'Österreich', 0, 5),
(19, 'Italien', 1, 5),
(20, 'Portugal', 0, 5),
(21, 'Nil', 1, 6),
(22, 'Amazonas', 0, 6),
(23, 'Kongo', 1, 6),
(24, 'Mekong', 0, 6),
(29, 'Matterhorn', 1, 8),
(30, 'Kilimandscharo', 0, 8),
(31, 'Mont Blanc', 1, 8),
(32, 'Mount Everest', 0, 8),
(33, 'Brasilien', 1, 9),
(34, 'Mali', 0, 9),
(35, 'Kanada', 1, 9),
(36, 'Argentinien', 1, 9),
(37, 'Sizilien', 1, 10),
(38, 'Kreta', 0, 10),
(39, 'Sardinien', 1, 10),
(40, 'Mallorca', 0, 10),
(41, 'Maximilien Robespierre', 1, 11),
(42, 'Napoleon Bonaparte', 0, 11),
(43, 'Georges Danton', 1, 11),
(44, 'Jean-Paul Marat', 1, 11),
(45, 'Griechen', 1, 12),
(46, 'Römer', 1, 12),
(47, 'Maya', 0, 12),
(48, 'Ägypter', 1, 12),
(49, 'Attentat von Sarajevo', 1, 13),
(50, 'Russische Revolution', 0, 13),
(51, 'Julikrise', 1, 13),
(52, 'Balkankrise', 1, 13),
(53, 'Brille', 1, 14),
(54, 'Mechanische Uhr', 1, 14),
(55, 'Dampfmaschine', 0, 14),
(56, 'Schießpulver (in Europa)', 1, 14),
(57, 'Deutschland', 1, 15),
(58, 'Sowjetunion', 0, 15),
(59, 'Italien', 1, 15),
(60, 'Japan', 1, 15),
(61, 'Voltaire', 1, 16),
(62, 'John Locke', 1, 16),
(63, 'Immanuel Kant', 1, 16),
(64, 'Martin Luther', 0, 16),
(65, 'Invasionen germanischer Stämme', 1, 17),
(66, 'Wirtschaftliche Probleme', 1, 17),
(67, 'Politische Instabilität', 1, 17),
(68, 'Entdeckung Amerikas', 0, 17),
(69, 'Florenz', 1, 18),
(70, 'Venedig', 1, 18),
(71, 'Rom', 1, 18),
(72, 'London', 0, 18),
(73, 'George Washington', 1, 19),
(74, 'Thomas Jefferson', 1, 19),
(75, 'Benjamin Franklin', 1, 19),
(76, 'Abraham Lincoln', 0, 19),
(77, 'Kubakrise', 1, 20),
(78, 'Berliner Blockade', 1, 20),
(79, 'Koreakrieg', 1, 20),
(80, 'Schlacht von Waterloo', 0, 20),
(81, 'Adler', 1, 21),
(82, 'Pinguin', 0, 21),
(83, 'Schmetterling', 1, 21),
(84, 'Fledermaus', 1, 21),
(85, 'Delphin', 1, 22),
(86, 'Krokodil', 0, 22),
(87, 'Elefant', 1, 22),
(88, 'Hai', 0, 22),
(89, 'Wal', 1, 23),
(90, 'Seepferdchen', 1, 23),
(91, 'Papagei', 0, 23),
(92, 'Qualle', 1, 23),
(93, 'Löwe', 1, 24),
(94, 'Hirsch', 0, 24),
(95, 'Wolf', 1, 24),
(96, 'Schaf', 0, 24),
(97, 'Kuh', 1, 25),
(98, 'Tiger', 0, 25),
(99, 'Pferd', 1, 25),
(100, 'Elefant', 1, 25),
(101, 'Chamäleon', 1, 26),
(102, 'Tintenfisch', 1, 26),
(103, 'Känguru', 0, 26),
(104, 'Krake', 1, 26),
(105, 'Frosch', 1, 27),
(106, 'Ente', 0, 27),
(107, 'Krokodil', 1, 27),
(108, 'Affe', 0, 27),
(109, 'Eule', 1, 28),
(110, 'Waschbär', 1, 28),
(111, 'Spatz', 0, 28),
(112, 'Fledermaus', 1, 28),
(113, 'Schlange', 1, 29),
(114, 'Schildkröte', 1, 29),
(115, 'Frosch', 0, 29),
(116, 'Eidechse', 1, 29),
(117, 'Huhn', 1, 30),
(118, 'Wal', 0, 30),
(119, 'Ente', 1, 30),
(120, 'Schlange', 1, 30),
(121, 'Sofia', 0, 31),
(122, 'Prag', 0, 31),
(123, 'Bratislava', 1, 31),
(124, 'Ljubljan', 0, 31),
(125, 'Nairobi', 0, 32),
(126, 'Mogadischu', 0, 32),
(127, 'Harare', 0, 32),
(128, 'Addis Abeba', 1, 32),
(129, 'Kanarischen Inseln', 1, 33),
(130, 'Balearen', 0, 33),
(131, 'Karibischen Inseln', 0, 33),
(132, 'Azoren', 0, 33),
(133, 'Atlantischer Ozean', 0, 34),
(134, 'Indischer Ozean', 0, 34),
(135, 'Karibisches Meer', 0, 34),
(136, 'Pazifischer Ozean', 1, 34),
(137, 'Australien', 0, 35),
(138, 'Neuguinea', 0, 35),
(139, 'Grönland', 1, 35),
(140, 'Borneo', 0, 35),
(141, 'Canberra', 1, 36),
(142, 'Melbourne', 0, 36),
(143, 'Perth', 0, 36),
(144, 'Sydney', 0, 36),
(145, 'Bayern', 1, 37),
(146, 'Nordrhein-Westfalen', 0, 37),
(147, 'Niedersachsen', 0, 37),
(148, 'Baden-Würtemberg', 0, 37),
(149, '7.000 Meter', 0, 38),
(150, '9.000 Meter', 0, 38),
(151, '11.000 Meter', 1, 38),
(152, '13.000 Meter', 0, 38),
(153, '12.000 Kilometer', 0, 39),
(154, '15.000 Kilometer', 0, 39),
(155, '18.000 Kilometer', 0, 39),
(156, '21.000 Kilometer', 1, 39),
(157, 'Norwegen', 0, 40),
(158, 'USA', 0, 40),
(159, 'Island', 0, 40),
(160, 'Dänemark', 1, 40),
(161, 'Hawaii', 1, 41),
(162, 'Indonesien', 0, 41),
(163, 'Chile', 0, 41),
(164, 'Island', 0, 41),
(165, 'Monaco', 0, 42),
(166, 'Die Vatikanstadt', 1, 42),
(167, 'San Marino', 0, 42),
(168, 'Nauru', 0, 42),
(169, 'Nil', 1, 43),
(170, 'Amazonas', 0, 43),
(171, 'Jangtsekiang', 0, 43),
(172, 'Missouri', 0, 43),
(173, 'Kalifornien', 0, 44),
(174, 'Texas', 0, 44),
(175, 'Alaska', 1, 44),
(176, 'Montana', 0, 44),
(177, 'Portugal', 0, 45),
(178, 'Frankreich', 0, 45),
(179, 'Spanien', 1, 45),
(180, 'Italien', 0, 45),
(181, 'Mount Everest', 0, 46),
(182, 'K2', 1, 46),
(183, 'Lhotse', 0, 46),
(184, 'Kangchenjunga', 0, 46),
(185, 'China', 0, 47),
(186, 'Nepal', 1, 47),
(187, 'Indien', 0, 47),
(188, 'Bhutan', 0, 47),
(189, 'Peru', 1, 48),
(190, 'Brasilien', 0, 48),
(191, 'Mexiko', 0, 48),
(192, 'Chile', 0, 48),
(193, 'Norwegen', 1, 49),
(194, 'Schweden', 0, 49),
(195, 'Island', 0, 49),
(196, 'Finnland', 0, 49),
(197, 'Venedig', 0, 50),
(198, 'Florenz', 0, 50),
(199, 'Mailand', 0, 50),
(200, 'Rom', 1, 50),
(201, 'Thomas Jefferson', 0, 51),
(202, 'George Washington', 1, 51),
(203, 'Abraham Lincoln', 0, 51),
(204, 'John Adams', 0, 51),
(205, '1943', 0, 52),
(206, '1944', 0, 52),
(207, '1945', 1, 52),
(208, '1946', 0, 52),
(209, 'Vincent van Gogh', 0, 53),
(210, 'Pablo Picasso', 0, 53),
(211, 'Leonardo da Vinci', 1, 53),
(212, 'Michelangelo', 0, 53),
(213, 'Koloss von Rhodos', 0, 54),
(214, 'Hängende Gärten von Babylon', 0, 54),
(215, 'Leuchtturm von Alexandria', 0, 54),
(216, 'Pyramiden von Gizeh', 1, 54),
(217, 'Sally Ride', 0, 55),
(218, 'Valentina Tereschkowa', 1, 55),
(219, 'Mae Jemison', 0, 55),
(220, 'Eileen Collins', 0, 55),
(221, '1987', 0, 56),
(222, '1989', 1, 56),
(223, '1991', 0, 56),
(224, '1993', 0, 56),
(225, 'Buzz Aldrin', 0, 57),
(226, 'Yuri Gagarin', 0, 57),
(227, 'Neil Armstrong', 1, 57),
(228, 'John Glenn', 0, 57),
(229, 'England', 0, 58),
(230, 'Deutschland', 0, 58),
(231, 'Italien', 0, 58),
(232, 'Frankreich', 1, 58),
(233, 'Charles Dickens', 0, 59),
(234, 'William Shakespeare', 1, 59),
(235, 'Jane Austen', 0, 59),
(236, 'Mark Twain', 0, 59),
(237, '1492', 1, 60),
(238, '1500', 0, 60),
(239, '1510', 0, 60),
(240, '1520', 0, 60),
(241, 'Julius Caesar', 0, 61),
(242, 'Augustus', 1, 61),
(243, 'Nero', 0, 61),
(244, 'Claudius', 0, 61),
(245, '1776', 0, 62),
(246, '1789', 1, 62),
(247, '1804', 0, 62),
(248, '1812', 0, 62),
(249, 'Gutenberg', 1, 63),
(250, 'Da Vinci', 0, 63),
(251, 'Galileo', 0, 63),
(252, 'Newton', 0, 63),
(253, 'Griechen', 0, 64),
(254, 'Römer', 0, 64),
(255, 'Perser', 0, 64),
(256, 'Ägypter', 1, 64),
(257, 'Elisabeth I.', 0, 65),
(258, 'Katharina die Große', 0, 65),
(259, 'Marie Antoinette', 1, 65),
(260, 'Victoria', 0, 65),
(261, '1905', 0, 66),
(262, '1914', 1, 66),
(263, '1918', 0, 66),
(264, '1925', 0, 66),
(265, 'Jawaharlal Nehru', 0, 67),
(266, 'Mahatma Gandhi', 1, 67),
(267, 'Subhas Chandra Bose', 0, 67),
(268, 'Sardar Patel', 0, 67),
(269, 'Der Fall Konstantinopels', 0, 68),
(270, 'Die Entdeckung Amerikas', 0, 68),
(271, 'Die Erfindung des Buchdrucks', 1, 68),
(272, 'Das Ende des Hundertjährigen Krieges', 0, 68),
(273, 'Christoph Kolumbus', 0, 69),
(274, 'Ferdinand Magellan', 1, 69),
(275, 'James Cook', 0, 69),
(276, 'Marco Polo', 0, 69),
(277, '1770', 0, 70),
(278, '1773', 0, 70),
(279, '1776', 1, 70),
(280, '1781', 0, 70),
(281, 'Elefant', 1, 71),
(282, 'Nashorn', 0, 71),
(283, 'Giraffe', 0, 71),
(284, 'Nilpferd', 0, 71),
(285, 'Giraffe', 0, 72),
(286, 'Kamel', 1, 72),
(287, 'Wüstenspringmaus', 0, 72),
(288, 'Känguru', 0, 72),
(289, 'Strauß', 1, 73),
(290, 'Adler', 0, 73),
(291, 'Papagei', 0, 73),
(292, 'Albatros', 0, 73),
(293, 'Krokodil', 0, 74),
(294, 'Löwe', 0, 74),
(295, 'Ameise', 1, 74),
(296, 'Hai', 0, 74),
(297, 'Löwe', 0, 75),
(298, 'Gepard', 1, 75),
(299, 'Antilope', 0, 75),
(300, 'Pferd', 0, 75),
(301, 'Löwe', 0, 76),
(302, 'Katze', 0, 76),
(303, 'Koala', 1, 76),
(304, 'Fledermaus', 0, 76),
(305, 'Hai', 0, 77),
(306, 'Delfin', 0, 77),
(307, 'Blauwal', 1, 77),
(308, 'Seehund', 0, 77),
(309, 'Tintenfisch', 0, 78),
(310, 'Chamäleon', 1, 78),
(311, 'Frosch', 0, 78),
(312, 'Eidechse', 0, 78),
(313, 'Oktopus', 1, 79),
(314, 'Elefant', 0, 79),
(315, 'Hai', 0, 79),
(316, 'Delfin', 0, 79),
(317, 'Känguru', 0, 80),
(318, 'Schnabeltier', 1, 80),
(319, 'Wal', 0, 80),
(320, 'Seekuh', 0, 80),
(321, 'Mensch', 0, 81),
(322, 'Elefant', 0, 81),
(323, 'Delfin', 0, 81),
(324, 'Ameise', 1, 81),
(325, 'Hund', 0, 82),
(326, 'Katze', 0, 82),
(327, 'Schimpanse', 1, 82),
(328, 'Pferd', 0, 82),
(329, 'Grashüpfer', 0, 83),
(330, 'Käfer', 0, 83),
(331, 'Goliathkäfer', 1, 83),
(332, 'Ameise', 0, 83),
(333, 'Spitzmaus', 1, 84),
(334, 'Maus', 0, 84),
(335, 'Hamster', 0, 84),
(336, 'Fledermaus', 0, 84),
(337, 'Faultier', 1, 85),
(338, 'Koala', 0, 85),
(339, 'Panda', 0, 85),
(340, 'Lemur', 0, 85),
(341, 'Schildkröte', 0, 86),
(342, 'Schnecke', 0, 86),
(343, 'Gürteltier', 1, 86),
(344, 'Igel', 0, 86),
(345, 'Elefant', 0, 87),
(346, 'Giraffe', 1, 87),
(347, 'Strauß', 0, 87),
(348, 'Kamel', 0, 87),
(349, 'Zitterrochen', 1, 88),
(350, 'Delfin', 0, 88),
(351, 'Seepferdchen', 0, 88),
(352, 'Aal', 0, 88),
(353, 'Koala', 1, 89),
(354, 'Panda', 0, 89),
(355, 'Löwe', 0, 89),
(356, 'Tiger', 0, 89),
(357, 'Biene', 1, 90),
(358, 'Spinne', 0, 90),
(359, 'Vogel', 0, 90),
(360, 'Schildkröte', 0, 90),
(361, 'Georg Bregy', 0, 91),
(362, 'Köbi Kuhn', 0, 91),
(363, 'Roy Hodgson', 1, 91),
(364, 'Ottmar Hitzfeld', 0, 91),
(365, 'Alex Frei', 0, 92),
(366, 'Kubilay Türkyilmaz', 1, 92),
(367, 'Stephan Chapuisat', 0, 92),
(368, 'Georg Bregy', 0, 92),
(369, '1986', 0, 93),
(370, '1990', 0, 93),
(371, '1994', 1, 93),
(372, '1998', 0, 93),
(373, 'Gar nicht an die EM', 0, 94),
(374, 'Gruppenphase', 1, 94),
(375, 'Viertelfinale', 0, 94),
(376, 'Finale', 0, 94),
(377, 'Gelson Fernandes', 1, 95),
(378, 'Admir Mehmedi', 0, 95),
(379, 'Alex Frei', 0, 95),
(380, 'Mauro Lustrinelli', 0, 95),
(381, '1986', 0, 96),
(382, '1990', 0, 96),
(383, '1994', 1, 96),
(384, '1998', 0, 96),
(385, 'Keiner ', 1, 97),
(386, '1', 0, 97),
(387, '2', 0, 97),
(388, '3', 0, 97),
(389, '3', 0, 98),
(390, '4', 1, 98),
(391, '5', 0, 98),
(392, '6', 0, 98),
(393, 'Kübi Kuhn', 0, 99),
(394, 'Jürgen Klopp', 0, 99),
(395, 'Ottmar Hitzfeld', 0, 99),
(396, 'Vladimir Petković', 1, 99),
(397, 'Granit Xhaka', 0, 100),
(398, 'Ruben Vargas', 1, 100),
(399, 'Haris Seferović', 0, 100),
(400, 'Admir Mehmedi', 0, 100),
(401, '2005', 0, 101),
(402, '2009', 1, 101),
(403, '2013', 0, 101),
(404, '2017', 0, 101),
(405, 'Ricardo Rodriguez (Elfmeter)', 1, 102),
(406, 'Xherdan Shaqiri (Elfmeter)', 0, 102),
(407, 'Haris Seferović (Elfmeter)', 0, 102),
(408, 'Manuel Akanji (Elfmeter)', 0, 102),
(409, '3', 0, 103),
(410, '4', 0, 103),
(411, '5', 1, 103),
(412, '6', 0, 103),
(413, 'Diego Benaglio', 0, 104),
(414, 'Uwe Still', 0, 104),
(415, 'Gregor Kobel', 0, 104),
(416, 'Yann Sommer', 1, 104),
(417, '1 Mal', 0, 105),
(418, '2 Mal', 0, 105),
(419, '3 Mal', 0, 105),
(420, '4 Mal', 1, 105),
(421, 'Vladimir Petković', 1, 106),
(422, 'Ottmar Hitzfeld', 0, 106),
(423, 'Kübi Kuhn', 0, 106),
(424, 'Murat Yakin', 0, 106),
(425, 'Granit Xhaka', 0, 107),
(426, 'Breel Embolo', 1, 107),
(427, 'Mario Gavranovic', 0, 107),
(428, 'Remo Freuler', 0, 107),
(429, 'Spanien', 1, 108),
(430, 'Italien', 0, 108),
(431, 'England', 0, 108),
(432, 'Deutschland', 0, 108),
(433, 'Deutschland', 0, 109),
(434, 'Ukraine', 1, 109),
(435, 'Holland', 0, 109),
(436, 'Frankreich', 0, 109),
(437, 'Hakan Yakin', 0, 110),
(438, 'Murat Yakin', 1, 110),
(439, 'Gökan Yakin', 0, 110),
(440, 'Türklimatz Yakin', 0, 110),
(441, 'Yann Sommer', 1, 111),
(442, 'Admir Mehmedi', 1, 111),
(443, 'Florian Stahel', 0, 111),
(444, 'Georg Bregy', 1, 111),
(445, 'Spanien', 0, 112),
(446, 'Südkorea', 1, 112),
(447, 'Togo', 1, 112),
(448, 'Frankreich', 0, 112),
(449, 'Stephan Lichtsteiner', 1, 113),
(450, 'Xherdan Shaqiri', 0, 113),
(451, 'Granit Xhaka', 1, 113),
(452, 'Yann Sommer', 1, 113),
(457, 'Ottmar Hitzfeld', 1, 114),
(458, 'Vladimir Petković ', 1, 114),
(459, 'Karl Engel', 0, 114),
(460, 'Kübi Kuhn', 1, 114),
(461, 'Georg Bregy', 1, 115),
(462, 'Admir Mehmedi', 1, 115),
(463, 'Ricardo Rodríguez', 1, 115),
(464, 'Alex Frei', 0, 115),
(465, 'Alain Sutter', 1, 116),
(466, 'Thomas Müller', 0, 116),
(467, 'Marc Hottiger', 1, 116),
(468, 'Stéphane Chapuisat', 1, 116),
(469, 'Haris Seferović', 0, 117),
(470, 'Manuel Akanji', 1, 117),
(471, 'Michel Aebischer', 1, 117),
(472, 'Stephan Lichtsteiner', 0, 117),
(473, 'Breel Embolo', 1, 118),
(474, 'Ruben Vargas', 1, 118),
(475, 'Granit Xhaka', 0, 118),
(476, 'Noah Okafor', 1, 118),
(477, 'Xherdan Shaqiri', 1, 119),
(478, 'Granit Xhaka', 0, 119),
(479, 'Haris Seferović', 1, 119),
(480, 'Ricardo Rodríguez', 0, 119),
(481, 'Xherdan Shaqiri', 1, 120),
(482, 'Granit Xhaka', 1, 120),
(483, 'Haris Seferović', 1, 120),
(484, 'Manuel Akanji', 0, 120),
(485, 'Nil', 1, 121),
(486, 'Kongo', 0, 121),
(487, 'Niger', 0, 121),
(488, 'Sambesi', 0, 121),
(489, 'Peru', 0, 122),
(490, 'Brasilien', 1, 122),
(491, 'Kolumbien', 0, 122),
(492, 'Venezuela', 0, 122),
(493, 'Alpen', 0, 123),
(494, 'Ural', 1, 123),
(495, 'Himalaya', 0, 123),
(496, 'Anden', 0, 123),
(497, 'Kanada', 0, 124),
(498, 'USA', 0, 124),
(499, 'Russland', 1, 124),
(500, 'China', 0, 124),
(501, 'Atlantischer Ozean', 0, 125),
(502, 'Indischer Ozean', 1, 125),
(503, 'Pazifischer Ozean', 0, 125),
(504, 'Arktischer Ozean', 0, 125),
(505, 'Kasachstan', 1, 126),
(506, 'Mongolei', 0, 126),
(507, 'Tschad', 0, 126),
(508, 'Bolivien', 0, 126),
(509, 'Sahara', 1, 127),
(510, 'Gobi', 0, 127),
(511, 'Kalahari', 0, 127),
(512, 'Große Victoriawüste', 0, 127),
(513, 'Indonesien', 0, 128),
(514, 'Philippinen', 0, 128),
(515, 'Norwegen', 0, 128),
(516, 'Schweden', 1, 128),
(517, 'Afrika', 1, 129),
(518, 'Asien', 0, 129),
(519, 'Europa', 0, 129),
(520, 'Südamerika', 0, 129),
(521, 'Deutschland', 0, 130),
(522, 'Russland', 1, 130),
(523, 'Polen', 0, 130),
(524, 'Ukraine', 0, 130),
(525, 'Himalaya', 0, 131),
(526, 'Anden', 1, 131),
(527, 'Rocky Mountains', 0, 131),
(528, 'Alpen', 0, 131),
(529, 'Oberer See', 1, 132),
(530, 'Victoriasee', 0, 132),
(531, 'Baikalsee', 0, 132),
(532, 'Tanganjikasee', 0, 132),
(533, 'Russland', 0, 133),
(534, 'China', 1, 133),
(535, 'Brasilien', 0, 133),
(536, 'Deutschland', 0, 133),
(537, 'Tokio', 1, 134),
(538, 'Delhi', 0, 134),
(539, 'Shanghai', 0, 134),
(540, 'São Paulo', 0, 134),
(541, 'Donau', 0, 135),
(542, 'Rhein', 0, 135),
(543, 'Wolga', 1, 135),
(544, 'Elbe', 0, 135),
(545, 'Kanada', 1, 136),
(546, 'Australien', 0, 136),
(547, 'Russland', 0, 136),
(548, 'USA', 0, 136),
(549, 'Afrika', 1, 137),
(550, 'Asien', 0, 137),
(551, 'Australien', 0, 137),
(552, 'Südamerika', 0, 137),
(553, 'Jamaika', 0, 138),
(554, 'Kuba', 1, 138),
(555, 'Hispaniola', 0, 138),
(556, 'Puerto Rico', 0, 138),
(557, 'Oslo', 0, 139),
(558, 'Stockholm', 0, 139),
(559, 'Reykjavik', 1, 139),
(560, 'Helsinki', 0, 139),
(561, 'Japan', 0, 140),
(562, 'Indonesien', 1, 140),
(563, 'Italien', 0, 140),
(564, 'Island', 0, 140),
(565, 'Rocky Mountains', 0, 141),
(566, 'Alpen', 1, 141),
(567, 'Anden', 1, 141),
(568, 'Himalaya', 1, 141),
(569, 'Sierra Nevada', 1, 142),
(570, 'Apalachen', 1, 142),
(571, 'Rocky Mountains', 1, 142),
(572, 'Anden', 0, 142),
(573, 'Norwegen', 1, 143),
(574, 'Schweden', 1, 143),
(575, 'Dänemark', 0, 143),
(576, 'Finnland', 1, 143),
(577, 'Fidschi-Inseln', 1, 144),
(578, 'Galápagos-Inseln', 1, 144),
(579, 'Malediven', 0, 144),
(580, 'Hawaii-Inseln', 1, 144),
(581, 'Buenos Aires', 1, 145),
(582, 'Bogotá', 1, 145),
(583, 'Lima', 1, 145),
(584, 'Quito', 1, 145),
(585, 'Belgien', 1, 146),
(586, 'Polen', 1, 146),
(587, 'Schweiz', 1, 146),
(588, 'Österreich', 1, 146),
(589, 'Tanganjikasee', 1, 147),
(590, 'Viktoriasee', 1, 147),
(591, 'Lake Superior', 0, 147),
(592, 'Baikalsee', 0, 147),
(593, 'Nairobi', 1, 148),
(594, 'Accra', 1, 148),
(595, 'Addis Abeba', 1, 148),
(596, 'Casablanca', 0, 148),
(597, 'Nordinsel', 1, 149),
(598, 'Südinsel', 1, 149),
(599, 'Stewart Island', 1, 149),
(600, 'Tasmanien', 0, 149),
(601, 'Quito', 1, 150),
(602, 'Nairobi', 1, 150),
(603, 'Jakarta', 1, 150),
(604, 'Manila', 0, 150),
(605, 'Deutschland', 0, 211),
(606, 'Brasilien', 1, 211),
(607, 'Argentinien', 0, 211),
(608, 'Italien', 0, 211),
(609, 'Pelé', 0, 212),
(610, 'Just Fontaine', 1, 212),
(611, 'Gerd Müller', 0, 212),
(612, 'Miroslav Klose', 0, 212),
(613, 'Manchester United', 1, 213),
(614, 'Liverpool', 0, 213),
(615, 'Chelsea', 0, 213),
(616, 'Arsenal', 0, 213),
(617, '1928', 0, 214),
(618, '1930', 1, 214),
(619, '1934', 0, 214),
(620, '1940', 0, 214),
(621, 'Robert Lewandowski', 0, 215),
(622, 'Lionel Messi', 1, 215),
(623, 'Cristiano Ronaldo', 0, 215),
(624, 'Luka Modrić', 0, 215),
(625, 'Deutschland', 0, 216),
(626, 'Spanien', 0, 216),
(627, 'Frankreich', 0, 216),
(628, 'Portugal', 1, 216),
(629, 'Lionel Messi', 0, 217),
(630, 'Cristiano Ronaldo', 1, 217),
(631, 'Robert Lewandowski', 0, 217),
(632, 'Karim Benzema', 0, 217),
(633, 'Deutschland', 0, 218),
(634, 'Brasilien', 1, 218),
(635, 'Südafrika', 0, 218),
(636, 'Russland', 0, 218),
(637, 'Cristiano Ronaldo', 1, 219),
(638, 'Ali Daei', 0, 219),
(639, 'Pelé', 0, 219),
(640, 'Ferenc Puskás', 0, 219),
(641, 'Borussia Dortmund', 0, 220),
(642, 'Bayern München', 1, 220),
(643, 'Hamburger SV', 0, 220),
(644, 'Werder Bremen', 0, 220),
(645, 'Argentinien', 0, 221),
(646, 'Brasilien', 0, 221),
(647, 'Uruguay', 1, 221),
(648, 'Italien', 0, 221),
(649, 'Lionel Messi', 1, 222),
(650, 'Cristiano Ronaldo', 0, 222),
(651, 'Andrés Iniesta', 0, 222),
(652, 'Xavi Hernández', 0, 222),
(653, 'Frankreich', 1, 223),
(654, 'Italien', 0, 223),
(655, 'Mexiko', 0, 223),
(656, 'Argentinien', 0, 223),
(657, 'Italien', 0, 224),
(658, 'Spanien', 1, 224),
(659, 'Deutschland', 0, 224),
(660, 'Frankreich', 0, 224),
(661, 'Lionel Messi', 0, 225),
(662, 'Robert Lewandowski', 1, 225),
(663, 'Cristiano Ronaldo', 0, 225),
(664, 'Erling Haaland', 0, 225),
(665, 'Alan Shearer', 0, 226),
(666, 'Mohamed Salah', 1, 226),
(667, 'Cristiano Ronaldo', 0, 226),
(668, 'Sergio Agüero', 0, 226),
(669, 'Frankreich', 1, 227),
(670, 'Kroatien', 0, 227),
(671, 'Brasilien', 0, 227),
(672, 'Belgien', 0, 227),
(673, 'La Liga', 0, 228),
(674, 'Serie A', 0, 228),
(675, 'English Football League', 1, 228),
(676, 'Bundesliga', 0, 228),
(677, 'Argentinien', 0, 229),
(678, 'Brasilien', 0, 229),
(679, 'Uruguay', 1, 229),
(680, 'Chile', 0, 229),
(681, 'FC Barcelona', 0, 230),
(682, 'Real Madrid', 0, 230),
(683, 'Schalke 04', 1, 230),
(684, 'Borussia Dortmund', 0, 230),
(685, 'Lionel Messi', 1, 231),
(686, 'Cristiano Ronaldo', 1, 231),
(687, 'Michel Platini', 1, 231),
(688, 'Johan Cruyff', 0, 231),
(689, 'Argentinien', 1, 232),
(690, 'Portugal', 0, 232),
(691, 'Spanien', 1, 232),
(692, 'Niederlande', 0, 232),
(693, 'FC Barcelona', 1, 233),
(694, 'AC Milan', 1, 233),
(695, 'Borussia Dortmund', 0, 233),
(696, 'Liverpool FC', 1, 233),
(697, 'Iker Casillas', 1, 234),
(698, 'Franz Beckenbauer', 0, 234),
(699, 'Gianluigi Buffon', 1, 234),
(700, 'Zinedine Zidane', 0, 234),
(701, 'Michael Owen', 1, 235),
(702, 'Ronaldinho', 1, 235),
(703, 'Kaka', 1, 235),
(704, 'Luka Modric', 0, 235),
(705, 'Sevilla FC', 1, 236),
(706, 'Juventus FC', 0, 236),
(707, 'FC Chelsea', 1, 236),
(708, 'Borussia Mönchengladbach', 0, 236),
(709, 'Diego Maradona', 1, 237),
(710, 'Pele', 1, 237),
(711, 'Zinedine Zidane', 1, 237),
(712, 'Johan Cruyff', 0, 237),
(713, 'Brasilien', 1, 238),
(714, 'Frankreich', 1, 238),
(715, 'Mexiko', 0, 238),
(716, 'Deutschland', 1, 238),
(717, 'Thierry Henry', 1, 239),
(718, 'Sergio Agüero', 1, 239),
(719, 'Alan Shearer', 1, 239),
(720, 'Robert Lewandowski', 0, 239),
(721, 'London', 1, 240),
(722, 'Madrid', 1, 240),
(723, 'München', 1, 240),
(724, 'Paris', 0, 240),
(725, 'Seestern', 1, 241),
(726, 'Tintenfisch', 0, 241),
(727, 'Seegurke', 0, 241),
(728, 'Quallen', 0, 241),
(729, 'Ameisenigel', 0, 242),
(730, 'Schnabeltier', 1, 242),
(731, 'Känguru', 0, 242),
(732, 'Koala', 0, 242),
(733, '1', 0, 243),
(734, '2', 0, 243),
(735, '3', 1, 243),
(736, '4', 0, 243),
(737, 'Gepard', 1, 244),
(738, 'Löwe', 0, 244),
(739, 'Falke', 0, 244),
(740, 'Strauß', 0, 244),
(741, 'Mensch', 0, 245),
(742, 'Delfin', 1, 245),
(743, 'Ameise', 0, 245),
(744, 'Elefant', 0, 245),
(745, 'Adler', 0, 246),
(746, 'Kolibri', 1, 246),
(747, 'Eule', 0, 246),
(748, 'Papagei', 0, 246),
(749, 'Kamel', 0, 247),
(750, 'Giraffe', 0, 247),
(751, 'Wüstenfuchs', 0, 247),
(752, 'Ratte', 1, 247),
(753, 'Flughörnchen', 0, 248),
(754, 'Fledermaus', 1, 248),
(755, 'Lemur', 0, 248),
(756, 'Känguru', 0, 248),
(757, 'Löwe', 0, 249),
(758, 'Krokodil', 1, 249),
(759, 'Hyäne', 0, 249),
(760, 'Piranha', 0, 249),
(761, 'Monarchfalter', 1, 250),
(762, 'Zitronenfalter', 0, 250),
(763, 'Schwalbenschwanz', 0, 250),
(764, 'Admiral', 0, 250),
(765, 'Pinguin', 0, 251),
(766, 'Grönlandwal', 1, 251),
(767, 'Seelöwe', 0, 251),
(768, 'Delfin', 0, 251),
(769, 'Delphine', 0, 252),
(770, 'Wale', 0, 252),
(771, 'Papageien', 0, 252),
(772, 'Fledermäuse', 1, 252),
(773, 'Chamäleon', 1, 253),
(774, 'Ameisenbär', 0, 253),
(775, 'Giraffe', 0, 253),
(776, 'Kolibri', 0, 253),
(777, 'Adler', 0, 254),
(778, 'Falke', 1, 254),
(779, 'Eule', 0, 254),
(780, 'Hai', 0, 254),
(781, 'Regenwurm', 0, 255),
(782, 'Plattwurm', 1, 255),
(783, 'Rundwurm', 0, 255),
(784, 'Bandwurm', 0, 255),
(785, 'Chamäleon', 1, 256),
(786, 'Oktopus', 0, 256),
(787, 'Frosch', 0, 256),
(788, 'Papagei', 0, 256),
(789, 'Kakerlake', 1, 257),
(790, 'Ameise', 0, 257),
(791, 'Biene', 0, 257),
(792, 'Spinne', 0, 257),
(793, 'Tintenfisch', 1, 258),
(794, 'Aal', 0, 258),
(795, 'Schlange', 0, 258),
(796, 'Schnecke', 0, 258),
(797, 'Elefant', 0, 259),
(798, 'Mensch', 0, 259),
(799, 'Delfin', 1, 259),
(800, 'Kolibri', 0, 259),
(801, 'Krokodil', 0, 260),
(802, 'Hai', 0, 260),
(803, 'Quastenflosser', 1, 260),
(804, 'Stör', 0, 260),
(805, 'Ameisen', 1, 261),
(806, 'Löwen', 1, 261),
(807, 'Elefanten', 1, 261),
(808, 'Giraffen', 0, 261),
(809, 'Bären', 0, 262),
(810, 'Biber', 1, 262),
(811, 'Schweine', 1, 262),
(812, 'Kängurus', 0, 262),
(813, 'Rochen', 1, 263),
(814, 'Elektro-Aale', 1, 263),
(815, 'Haie', 1, 263),
(816, 'Tintenfische', 0, 263),
(817, 'Fledermäuse', 1, 264),
(818, 'Delfine', 1, 264),
(819, 'Eulen', 0, 264),
(820, 'Katzen', 0, 264),
(821, 'Pinguine', 1, 265),
(822, 'Eisbären', 1, 265),
(823, 'Arktische Füchse', 1, 265),
(824, 'Kängurus', 0, 265),
(825, 'Echsen', 1, 266),
(826, 'Insekten', 1, 266),
(827, 'Vögel', 0, 266),
(828, 'Schwäne', 0, 266),
(829, 'Wüstenspringmaus', 1, 267),
(830, 'Kaktus-Würmer', 1, 267),
(831, 'Fischotter', 1, 267),
(832, 'Bienen', 0, 267),
(833, 'Eulen', 1, 268),
(834, 'Ratten', 1, 268),
(835, 'Schmetterlinge', 0, 268),
(836, 'Mäuse', 0, 268),
(837, 'Delfine', 1, 269),
(838, 'Krähen', 1, 269),
(839, 'Ratten', 0, 269),
(840, 'Schafe', 0, 269),
(841, 'Vögel', 1, 270),
(842, 'Biber', 1, 270),
(843, 'Spinnen', 1, 270),
(844, 'Katzen', 0, 270),
(845, 'Invasions by Germanic tribes', 1, 271),
(846, 'Economic problems', 1, 271),
(847, 'Political instability', 1, 271),
(848, 'Discovery of America', 0, 271),
(849, 'Greeks', 0, 272),
(850, 'Romans', 0, 272),
(851, 'Maya', 1, 272),
(852, 'Egyptians', 0, 272),
(853, 'Winston Churchill', 1, 273),
(854, 'Joseph Stalin', 1, 273),
(855, 'Adolf Hitler', 0, 273),
(856, 'Franklin D. Roosevelt', 1, 273),
(857, 'Steam engine', 1, 274),
(858, 'Telegraph', 1, 274),
(859, 'Printing press', 0, 274),
(860, 'Spinning jenny', 1, 274),
(861, 'Rome', 1, 275),
(862, 'Mohenjo-daro', 1, 275),
(863, 'Athens', 0, 275),
(864, 'Babylon', 1, 275),
(865, 'Invention of the printing press', 1, 276),
(866, 'Discovery of the Americas', 1, 276),
(867, 'The Black Death', 0, 276),
(868, 'The Crusades', 0, 276),
(869, 'John Locke', 1, 277),
(870, 'Voltaire', 1, 277),
(871, 'Jean-Jacques Rousseau', 1, 277),
(872, 'Thomas Hobbes', 1, 277),
(873, 'Great Pyramid of Giza', 1, 278),
(874, 'Hanging Gardens of Babylon', 0, 278),
(875, 'Colossus of Rhodes', 0, 278),
(876, 'Lighthouse of Alexandria', 0, 278),
(877, 'Germany', 1, 279),
(878, 'Italy', 1, 279),
(879, 'Japan', 1, 279),
(880, 'Soviet Union', 0, 279),
(881, 'Assassination of Archduke Franz Ferdinand', 1, 280),
(882, 'Russian Revolution', 0, 280),
(883, 'Treaty of Versailles', 0, 280),
(884, 'The Great Depression', 0, 280),
(885, 'Voltaire', 1, 7),
(886, 'John Locke', 1, 7),
(887, 'Immanuel Kant', 1, 7),
(888, 'Martin Luther', 0, 7),
(889, 'Konstantin der Große', 1, 281),
(890, 'Augustus', 0, 281),
(891, 'Nero', 0, 281),
(892, 'Trajan', 0, 281),
(893, '1215', 1, 282),
(894, '1300', 0, 282),
(895, '1066', 0, 282),
(896, '1455', 0, 282),
(897, 'Spartakus', 1, 283),
(898, 'Crixus', 0, 283),
(899, 'Oenomaus', 0, 283),
(900, 'Gannicus', 0, 283),
(901, 'Schlacht von Castillon', 1, 284),
(902, 'Schlacht von Agincourt', 0, 284),
(903, 'Schlacht von Crécy', 0, 284),
(904, 'Schlacht von Orléans', 0, 284),
(905, 'Tokugawa Ieyasu', 1, 285),
(906, 'Oda Nobunaga', 0, 285),
(907, 'Toyotomi Hideyoshi', 0, 285),
(908, 'Date Masamune', 0, 285),
(909, 'Prager Fenstersturz', 1, 286),
(910, 'Bartholomäusnacht', 0, 286),
(911, 'Thesenanschlag Martin Luthers', 0, 286),
(912, 'Eroberung Konstantinopels', 0, 286),
(913, 'Lenin', 1, 287),
(914, 'Stalin', 0, 287),
(915, 'Trotzki', 0, 287),
(916, 'Kerenski', 0, 287),
(917, 'Rosetta-Stein', 1, 288),
(918, 'Grabmal des Tutanchamun', 0, 288),
(919, 'Papyrus von Ani', 0, 288),
(920, 'Obelisk von Luxor', 0, 288),
(921, 'Karl der Große', 0, 289),
(922, 'Otto I.', 1, 289),
(923, 'Friedrich Barbarossa', 0, 289),
(924, 'Maximilian I.', 0, 289),
(925, 'Attentat von Sarajevo', 1, 290),
(926, 'Versenkung der Lusitania', 0, 290),
(927, 'Zimmermann-Telegramm', 0, 290),
(928, 'Russische Revolution', 0, 290),
(929, 'Alboin', 1, 291),
(930, 'Theoderic', 0, 291),
(931, 'Odoaker', 0, 291),
(932, 'Chlodwig', 0, 291),
(933, 'Schlacht von Waterloo', 1, 292),
(934, 'Schlacht von Leipzig', 0, 292),
(935, 'Schlacht von Austerlitz', 0, 292),
(936, 'Schlacht von Trafalgar', 0, 292),
(937, 'Dschingis Khan', 1, 293),
(938, 'Kublai Khan', 0, 293),
(939, 'Ögedei Khan', 0, 293),
(940, 'Batu Khan', 0, 293),
(941, 'Sturm auf die Bastille', 1, 294),
(942, 'Hinrichtung von Ludwig XVI.', 0, 294),
(943, 'Einberufung der Generalstände', 0, 294),
(944, 'Tennisplatz-Schwur', 0, 294),
(945, 'Atahualpa', 1, 295),
(946, 'Huayna Capac', 0, 295),
(947, 'Tupac Amaru', 0, 295),
(948, 'Manco Inca', 0, 295),
(949, 'Unbekannt (möglicherweise Tolteken)', 1, 296),
(950, 'Azteken', 0, 296),
(951, 'Maya', 0, 296),
(952, 'Olmeken', 0, 296),
(953, 'Heinrich von Navarra (Heinrich IV.)', 1, 297),
(954, 'Gaspard de Coligny', 0, 297),
(955, 'Franz von Guise', 0, 297),
(956, 'Karl IX.', 0, 297),
(957, 'Ende des Zweiten Weltkriegs', 1, 298),
(958, 'Russische Revolution', 0, 298),
(959, 'Große Depression', 0, 298),
(960, 'Kubakrise', 0, 298),
(961, 'Al-Ghazali', 1, 299),
(962, 'Ibn Arabi', 0, 299),
(963, 'Rumi', 0, 299),
(964, 'Rabia al-Adawiyya', 0, 299),
(965, 'Schlacht von Saratoga', 1, 300),
(966, 'Schlacht von Yorktown', 0, 300),
(967, 'Schlacht von Bunker Hill', 0, 300),
(968, 'Schlacht von Trenton', 0, 300);

-- --------------------------------------------------------

--
-- Table structure for table `name_suffix`
--

CREATE TABLE `name_suffix` (
  `base_name` varchar(255) CHARACTER SET utf8mb4 COLLATE utf8mb4_unicode_ci NOT NULL,
  `suffix` int DEFAULT '0'
) ENGINE=InnoDB DEFAULT CHARSET=utf8mb4 COLLATE=utf8mb4_unicode_ci;

--
-- Dumping data for table `name_suffix`
--

INSERT INTO `name_suffix` (`base_name`, `suffix`) VALUES
('Test', 8);

-- --------------------------------------------------------

--
-- Table structure for table `questions`
--

CREATE TABLE `questions` (
  `id` int NOT NULL,
  `question` text CHARACTER SET utf8mb4 COLLATE utf8mb4_unicode_ci NOT NULL,
  `type` varchar(50) CHARACTER SET utf8mb4 COLLATE utf8mb4_unicode_ci NOT NULL,
  `level` int NOT NULL,
  `is_multi` tinyint(1) NOT NULL
) ENGINE=InnoDB DEFAULT CHARSET=utf8mb4 COLLATE=utf8mb4_unicode_ci;

--
-- Dumping data for table `questions`
--

INSERT INTO `questions` (`id`, `question`, `type`, `level`, `is_multi`) VALUES
(1, 'Welche der folgenden Länder haben Küsten an der Ostsee?', 'geography', 1, 1),
(2, 'Welche der folgenden Flüsse fließen durch Deutschland?', 'geography', 1, 1),
(3, 'Welche der folgenden Länder gehören zur Europäischen Union?', 'geography', 1, 1),
(4, 'Welche der folgenden Hauptstädte befinden sich in Asien?', 'geography', 1, 1),
(5, 'Welche der folgenden Länder haben Küsten am Mittelmeer?', 'geography', 1, 1),
(6, 'Welche der folgenden Flüsse befinden sich in Afrika?', 'geography', 1, 1),
(7, 'Welche dieser Personen waren bedeutende Figuren der Aufklärung?', 'geography', 1, 1),
(8, 'Welche der folgenden Berge liegen in den Alpen?', 'geography', 1, 1),
(9, 'Welche der folgenden Länder grenzen an den Atlantischen Ozean?', 'geography', 1, 1),
(10, 'Welche der folgenden Inseln gehören zu Italien?', 'geography', 1, 1),
(11, 'Welche der folgenden Personen waren bedeutende Anführer während der Französischen Revolution?', 'history', 1, 1),
(12, 'Welche antiken Zivilisationen hatten signifikanten Einfluss auf die Entwicklung der westlichen Kultur?', 'history', 1, 1),
(13, 'Welche Ereignisse trugen zum Ausbruch des Ersten Weltkriegs bei?', 'history', 1, 1),
(14, 'Welche der folgenden Erfindungen stammen aus dem Mittelalter?', 'history', 1, 1),
(15, 'Welche Länder waren Teil der Achsenmächte im Zweiten Weltkrieg?', 'history', 1, 1),
(16, 'Welche dieser Personen waren bedeutende Figuren der Aufklärung?', 'history', 1, 1),
(17, 'Welche Faktoren trugen zum Fall des Römischen Reiches bei?', 'history', 1, 1),
(18, 'Welche dieser Städte waren wichtige Zentren der Renaissance?', 'history', 1, 1),
(19, 'Welche dieser Personen spielten eine wichtige Rolle in der amerikanischen Unabhängigkeitsbewegung?', 'history', 1, 1),
(20, 'Welche dieser Ereignisse waren Teil des Kalten Krieges?', 'history', 1, 1),
(21, 'Welche dieser Tiere können fliegen?', 'animals', 1, 1),
(22, 'Welche Tiere sind Säugetiere?', 'animals', 1, 1),
(23, 'Welche dieser Tiere leben im Meer?', 'animals', 1, 1),
(24, 'Welche Tiere sind Raubtiere?', 'animals', 1, 1),
(25, 'Welche dieser Tiere sind Pflanzenfresser?', 'animals', 1, 1),
(26, 'Welche dieser Tiere können ihre Farbe ändern?', 'animals', 1, 1),
(27, 'Welche dieser Tiere leben auf dem Land und im Wasser (amphibisch)?', 'animals', 1, 1),
(28, 'Welche dieser Tiere sind nachtaktiv?', 'animals', 1, 1),
(29, 'Welche dieser Tiere sind Reptilien?', 'animals', 1, 1),
(30, 'Welche dieser Tiere legen Eier?', 'animals', 1, 1),
(31, 'Wie heißt die Hauptstadt der Slowakei?', 'geography', 1, 0),
(32, 'Wie heißt die Hauptstadt von Äthiopien?', 'geography', 1, 0),
(33, 'Teneriffa, Gran Canaria und Fuerteventura gehören zu den…?', 'geography', 1, 0),
(34, 'In welchem Meer liegt die Insel Hawaii?', 'geography', 1, 0),
(35, 'Was ist die größte Insel der Welt?', 'geography', 1, 0),
(36, 'Wie heißt die Hauptstadt von Australien?', 'geography', 1, 0),
(37, 'Welches deutsche Bundesland ist flächenmäßig das größte?', 'geography', 1, 0),
(38, 'Wie tief ist der Marianengraben?', 'geography', 1, 0),
(39, 'Wie lang ist die Chinesische Mauer (gerundet)?', 'geography', 1, 0),
(40, 'Zu welchem Land gehört Grönland politisch?', 'geography', 1, 0),
(41, 'Wo befindet sich der größte Vulkan der Erde?', 'geography', 1, 0),
(42, 'Wie heißt das kleinste Land der Welt?', 'geography', 1, 0),
(43, 'Wie heißt der längste Fluss der welt?', 'geography', 1, 0),
(44, 'Was ist der flächenmäßig größte US-Bundesstaat?', 'geography', 1, 0),
(45, 'Zu welchem ​​Land gehören die Kanarischen Inseln?', 'geography', 1, 0),
(46, 'Wie heißt der zweithöchste Berg der Welt?', 'geography', 1, 0),
(47, 'In welchem ​​Land befindet sich der Mount Everest?', 'geography', 1, 0),
(48, 'In welchem ​​Land verlaufen die Nazca-Linien?', 'geography', 1, 0),
(49, 'Der Preikestolen ist ein erstaunlicher Anblick, über den Fjorden welchen Landes?', 'geography', 1, 0),
(50, 'Wenn ich auf den Trevi-Brunnen schaue, in welcher Stadt befinde ich mich?', 'geography', 1, 0),
(51, 'Wer war der erste Präsident der Vereinigten Staaten?', 'history', 1, 0),
(52, 'In welchem Jahr endete der Zweite Weltkrieg?', 'history', 1, 0),
(53, 'Wer malte die Mona Lisa?', 'history', 1, 0),
(54, 'Welches antike Weltwunder steht noch heute?', 'history', 1, 0),
(55, 'Wer war die erste Frau im Weltall?', 'history', 1, 0),
(56, 'In welchem Jahr fiel die Berliner Mauer?', 'history', 1, 0),
(57, 'Wer war der erste Mensch auf dem Mond?', 'history', 1, 0),
(58, 'Welches Land verschenkte die Freiheitsstatue an die USA?', 'history', 1, 0),
(59, 'Wer schrieb \"Romeo und Julia\"?', 'history', 1, 0),
(60, 'In welchem Jahr wurde Amerika von Christoph Kolumbus entdeckt?', 'history', 1, 0),
(61, 'Wer war der erste römische Kaiser?', 'history', 1, 0),
(62, 'Welches Jahr gilt als Beginn der Französischen Revolution?', 'history', 1, 0),
(63, 'Wer erfand den Buchdruck mit beweglichen Lettern in Europa?', 'history', 1, 0),
(64, 'Welche alte Zivilisation baute die Pyramiden in Ägypten?', 'history', 1, 0),
(65, 'Wer war die letzte Königin von Frankreich vor der Revolution?', 'history', 1, 0),
(66, 'In welchem Jahr begann der Erste Weltkrieg?', 'history', 1, 0),
(67, 'Wer war der Anführer der Unabhängigkeitsbewegung in Indien?', 'history', 1, 0),
(68, 'Welches Ereignis markiert den Beginn der Renaissance?', 'history', 1, 0),
(69, 'Wer war der erste Mensch, der die Erde umsegelte?', 'history', 1, 0),
(70, 'In welchem Jahr wurde die Unabhängigkeitserklärung der USA unterzeichnet?', 'history', 1, 0),
(71, 'Welches Tier ist das größte lebende Landtier?', 'animals', 1, 0),
(72, 'Welches Tier kann am längsten ohne Wasser überleben?', 'animals', 1, 0),
(73, 'Welche Vogelart kann nicht fliegen?', 'animals', 1, 0),
(74, 'Welches Tier hat den stärksten Biss in Relation zur Körpergröße?', 'animals', 1, 0),
(75, 'Welches Tier ist das schnellste an Land?', 'animals', 1, 0),
(76, 'Welches Tier schläft am längsten pro Tag?', 'animals', 1, 0),
(77, 'Welches Tier ist das größte Säugetier im Wasser?', 'animals', 1, 0),
(78, 'Welches Tier kann seine Farbe ändern, um sich zu tarnen?', 'animals', 1, 0),
(79, 'Welches Tier hat drei Herzen?', 'animals', 1, 0),
(80, 'Welches Tier legt Eier und ist trotzdem ein Säugetier?', 'animals', 1, 0),
(81, 'Welches Tier hat das größte Gehirn im Verhältnis zu seiner Körpergröße?', 'animals', 1, 0),
(82, 'Welches Tier ist für seine Fähigkeit bekannt, Werkzeuge zu verwenden?', 'animals', 1, 0),
(83, 'Welches Tier ist das schwerste Insekt?', 'animals', 1, 0),
(84, 'Welches Tier ist das kleinste Säugetier der Welt?', 'animals', 1, 0),
(85, 'Welches Tier ist bekannt für seine langsamen Bewegungen und hängt meist kopfüber an Bäumen?', 'animals', 1, 0),
(86, 'Welches Tier ist bekannt für seine Fähigkeit, sich einzurollen und einen Panzer zu bilden?', 'animals', 1, 0),
(87, 'Welches Tier hat den längsten Hals?', 'animals', 1, 0),
(88, 'Welches Tier ist für seine Fähigkeit bekannt, Elektrizität zu erzeugen?', 'animals', 1, 0),
(89, 'Welches Tier lebt in Australien und trägt seine Jungen in einem Beutel?', 'animals', 1, 0),
(90, 'Welches Tier lebt in Kolonien und hat eine Königin?', 'animals', 1, 0),
(91, 'Wer war der Trainer der Schweizer Nationalmannschaft während der FIFA-Weltmeisterschaft 1994?', 'football', 1, 0),
(92, 'Welcher Schweizer Spieler erzielte das erste Tor der Mannschaft bei der UEFA Euro 1996?', 'football', 1, 0),
(93, 'In welchem Jahr qualifizierte sich die Schweiz zum ersten Mal nach einer langen Pause wieder für die FIFA-Weltmeisterschaft?', 'football', 1, 0),
(94, 'Wie weit kam die Schweizer Nationalmannschaft bei der UEFA Euro 2008, die in der Schweiz und Österreich stattfand?', 'football', 1, 0),
(95, 'Welcher Spieler erzielte den entscheidenden Treffer gegen Spanien in der Gruppenphase der FIFA-Weltmeisterschaft 2010?', 'football', 1, 0),
(96, 'In welchem Jahr erreichte die Schweizer Nationalmannschaft erstmals das Achtelfinale einer FIFA-Weltmeisterschaft?', 'football', 1, 0),
(97, 'Welcher Schweizer Spieler wurde bei der FIFA-Weltmeisterschaft 2018 ins All-Star-Team gewählt?', 'football', 1, 0),
(98, 'Wie viele Tore erzielte die Schweiz in ihrem höchsten Sieg bei einer FIFA-Weltmeisterschaft?', 'football', 1, 0),
(99, 'Wer war der Trainer der Schweizer Nationalmannschaft während der UEFA Euro 2016?', 'football', 1, 0),
(100, 'Welcher Schweizer Spieler erzielte das entscheidende Tor im Elfmeterschießen gegen Frankreich bei der UEFA Euro 2020?', 'football', 1, 0),
(101, 'In welchem Jahr gewann die Schweiz die FIFA U-17-Weltmeisterschaft?', 'football', 1, 0),
(102, 'Wer erzielte das entscheidende Tor für die Schweiz im Playoff-Spiel gegen Nordirland, das ihnen die Qualifikation für die FIFA-Weltmeisterschaft 2018 sicherte?', 'football', 1, 0),
(103, 'Wie viele Tore erzielte Haris Seferovic bei der UEFA Nations League 2018/19?', 'football', 1, 0),
(104, 'Welcher Schweizer Torhüter hielt den entscheidenden Elfmeter im Spiel gegen Frankreich bei der UEFA Euro 2020?', 'football', 1, 0),
(105, 'Wie viele Male hat die Schweiz in den letzten 30 Jahren die Gruppenphase einer FIFA-Weltmeisterschaft überstanden?', 'football', 1, 0),
(106, 'Welcher Schweizer Trainer führte die Mannschaft zur FIFA-Weltmeisterschaft 2018?', 'football', 1, 0),
(107, 'Wer erzielte das erste Tor der Schweiz bei der UEFA Euro 2020?', 'football', 1, 0),
(108, 'Gegen welche Mannschaft verlor die Schweiz im Viertelfinale der UEFA Euro 2020, nachdem das Spiel nach 120 Minuten 1:1 endete und im Elfmeterschießen entschieden wurde?', 'football', 1, 0),
(109, 'Gegen welche Mannschaft verlor die Schweiz im Achtelfinale der FIFA Weltmeisterschaft 2006 in Deutschland?', 'football', 1, 0),
(110, 'Wer ist der aktuelle Trainer der Schweizer Nationalmannschaft?', 'football', 1, 0),
(111, 'Welche der folgenden Spieler haben für die Schweizer Nationalmannschaft gespielt?', 'football', 1, 1),
(112, 'Welche der folgenden Mannschaften hat die Schweizer Nationalmannschaft bei der FIFA Weltmeisterschaft 2006 in Deutschland besiegt?', 'football', 1, 1),
(113, 'Welche der folgenden Schweizer Fußballspieler haben für die Nationalmannschaft mehr als 100 Länderspiele absolviert?', 'football', 1, 1),
(114, 'Welche dieser Schweizer Trainer haben die Nationalmannschaft in den letzten 30 Jahren betreut?', 'footbal', 1, 1),
(115, 'Welche der folgenden Schweizer Nationalspieler haben einmal für den FC Zürich gespielt?', 'football', 1, 1),
(116, 'Welche der folgenden Spieler haben in ihrer Karriere für die Schweizer Nationalmannschaft gespielt?', 'footbal', 1, 1),
(117, 'Welche der folgenden Spieler gehörten zum Kader der Schweizer Nationalmannschaft bei der UEFA-Europameisterschaft 2024?', 'football', 1, 1),
(118, 'Welche Spieler der Schweizer Nationalmannschaft erzielten während der Gruppenphase der UEFA-Europameisterschaft 2024 mindestens ein Tor?', 'football', 1, 1),
(119, 'Welche Spieler der Schweizer Nationalmannschaft erzielten im Achtelfinalspiel der UEFA-Europameisterschaft 2020 gegen Frankreich ein Tor?', 'football', 1, 1),
(120, 'Welche Schweizer Spieler erzielten Tore in der Gruppenphase der FIFA-Weltmeisterschaft 2018?', 'football', 1, 1),
(121, 'Welcher Fluss ist der längste in Afrika?', 'geography', 2, 0),
(122, 'In welchem Land befindet sich der größte Teil des Amazonas-Regenwaldes?', 'geography', 2, 0),
(123, 'Welches Gebirge trennt Europa von Asien?', 'geography', 2, 0),
(124, 'Welches Land hat die größte Fläche?', 'geography', 2, 0),
(125, 'Welcher Ozean liegt am östlichen Rand Afrikas?', 'geography', 2, 0),
(126, 'Welches ist das größte Binnenland der Welt?', 'geography', 2, 0),
(127, 'Welche Wüste ist die größte der Welt?', 'geography', 2, 0),
(128, 'Welches Land hat die meisten Inseln?', 'geography', 2, 0),
(129, 'Welcher Kontinent hat die meisten Länder?', 'geography', 2, 0),
(130, 'Durch welches Land fließt der längste Fluss Europas, die Wolga?', 'geography', 2, 0),
(131, 'Welche ist die längste Gebirgskette der Welt?', 'geography', 2, 0),
(132, 'Welcher See ist der größte Süßwassersee der Welt nach Fläche?', 'geography', 2, 0),
(133, 'Welches Land hat die meisten Nachbarländer?', 'geography', 2, 0),
(134, 'Welche Stadt ist die bevölkerungsreichste Stadt der Welt?', 'geography', 2, 0),
(135, 'Welcher Fluss ist der längste in Europa?', 'geography', 2, 0),
(136, 'Welches Land hat die längste Küstenlinie?', 'geography', 2, 0),
(137, 'Auf welchem Kontinent liegt die Kalahari-Wüste?', 'geography', 2, 0),
(138, 'Welche Insel ist die größte in der Karibik?', 'geography', 2, 0),
(139, 'Welche Hauptstadt liegt am weitesten nördlich?', 'geography', 2, 0),
(140, 'Welches Land hat die meisten Vulkanaktivitäten?', 'geography', 2, 0),
(141, 'Welche dieser Gebirgsketten erstrecken sich über mehrere Länder?', 'geography', 2, 1),
(142, 'Welche dieser Gebirgsketten befinden sich in Nordamerika?', 'geography', 2, 1),
(143, 'Welche dieser Länder sind Teil der Skandinavischen Halbinsel?', 'geography', 2, 1),
(144, 'Welche dieser Inselgruppen gehören zum Pazifischen Ozean?', 'geography', 2, 1),
(145, 'Welche dieser Städte liegen in Südamerika?', 'geography', 2, 1),
(146, 'Welche dieser Länder haben eine Grenze zu Deutschland?', 'geography', 2, 1),
(147, 'Welche dieser Seen sind in Afrika gelegen?', 'geography', 2, 1),
(148, 'Welche dieser Städte sind Hauptstädte von Ländern in Afrika?', 'geography', 2, 1),
(149, 'Welche dieser Inseln gehören zu Neuseeland?', 'geography', 2, 1),
(150, 'Welche dieser Städte liegen entlang des Äquators?', 'geography', 2, 1),
(211, 'Welches Land hat die meisten FIFA-Weltmeisterschaften gewonnen?', 'football', 2, 0),
(212, 'Welcher Spieler hält den Rekord für die meisten Tore in einer einzigen Fußball-Weltmeisterschaft?', 'football', 2, 0),
(213, 'Welcher Verein hat die meisten englischen Premier League Titel gewonnen?', 'football', 2, 0),
(214, 'In welchem Jahr fand die erste FIFA-Weltmeisterschaft statt?', 'football', 2, 0),
(215, 'Wer hat den Goldenen Ball (Ballon d\'Or) 2021 gewonnen?', 'football', 2, 0),
(216, 'Welches Land hat die Fußball-Europameisterschaft 2016 gewonnen?', 'football', 2, 0),
(217, 'Wer hält den Rekord für die meisten Tore in der UEFA Champions League?', 'football', 2, 0),
(218, 'Welches Land war Gastgeber der FIFA-Weltmeisterschaft 2014?', 'football', 2, 0),
(219, 'Welcher Spieler hat die meisten Länderspieltore erzielt?', 'football', 2, 0),
(220, 'Welcher Verein hat die meisten Bundesliga-Titel gewonnen?', 'football', 2, 0),
(221, 'Welches Land hat die erste Fußball-Weltmeisterschaft 1930 gewonnen?', 'football', 2, 0),
(222, 'Welcher Spieler wurde als „Weltfußballer des Jahres“ 2010 ausgezeichnet?', 'football', 2, 0),
(223, 'In welchem Land wurde die FIFA-Weltmeisterschaft 1998 ausgetragen?', 'football', 2, 0),
(224, 'Welche Mannschaft gewann die UEFA Euro 2008?', 'football', 2, 0),
(225, 'Wer gewann den Goldenen Schuh (Top-Torschütze der europäischen Ligen) in der Saison 2020/21?', 'football', 2, 0),
(226, 'Welcher Spieler hat die meisten Tore in einer einzigen Saison der englischen Premier League erzielt?', 'football', 2, 0),
(227, 'Welches Team gewann die FIFA-Weltmeisterschaft 2018?', 'football', 2, 0),
(228, 'Welche Liga ist die älteste professionelle Fußballliga der Welt?', 'football', 2, 0),
(229, 'Welches Land hat die meisten Copa América Titel gewonnen?', 'football', 2, 0),
(230, 'Welcher Fußballclub ist bekannt für den Spitznamen „Die Königsblauen“?', 'football', 2, 0),
(231, 'Welche der folgenden Spieler haben den Ballon d\'Or (Weltfußballer des Jahres) mindestens zweimal gewonnen?', 'football', 2, 1),
(232, 'Welche dieser Nationalmannschaften haben mindestens einmal die FIFA-Weltmeisterschaft gewonnen?', 'football', 2, 1),
(233, 'Welche dieser Vereine haben die UEFA Champions League mehr als einmal gewonnen?', 'football', 2, 1),
(234, 'Welche dieser Spieler sind bekannt für ihre Rolle als Torwart in ihrer Karriere?', 'football', 2, 1),
(235, 'Welche dieser Spieler haben den Ballon d\'Or in den 2000er Jahren gewonnen?', 'football', 2, 1),
(236, 'Welche dieser Clubs haben die UEFA Europa League mehr als einmal gewonnen?', 'football', 2, 1),
(237, 'Welche dieser Spieler sind bekannt für ihre Leistungen bei der FIFA-Weltmeisterschaft?', 'football', 2, 1),
(238, 'Welche dieser Nationalmannschaften haben den FIFA-Konföderationen-Pokal gewonnen?', 'football', 2, 1),
(239, 'Welche dieser Spieler haben in der Premier League den Titel des Torschützenkönigs gewonnen?', 'football', 2, 1),
(240, 'Welche dieser Städte haben ein Fußballstadion mit mehr als 80.000 Sitzplätzen?', 'football', 2, 1),
(241, 'Welches Tier kann seinen Magen nach außen stülpen, um seine Beute zu verdauen?', 'animals', 2, 0),
(242, 'Welches Säugetier legt Eier?', 'animals', 2, 0),
(243, 'Wie viele Herzen hat ein Oktopus?', 'animals', 2, 0),
(244, 'Welches Tier ist das schnellste an Land?', 'animals', 2, 0),
(245, 'Welches Tier hat die größte Gehirnmasse im Verhältnis zu seinem Körpergewicht?', 'animals', 2, 0),
(246, 'Welche Vogelart kann rückwärts fliegen?', 'animals', 2, 0),
(247, 'Welches Tier kann die längste Zeit ohne Wasser überleben?', 'animals', 2, 0),
(248, 'Welches Säugetier kann fliegen?', 'animals', 2, 0),
(249, 'Welches Tier hat das stärkste Gebiss im Tierreich?', 'animals', 2, 0),
(250, 'Welche Schmetterlingsart fliegt jedes Jahr über 4.000 Kilometer?', 'animals', 2, 0),
(251, 'Welches Tier ist für seine Fähigkeit bekannt, über eine Stunde lang den Atem anzuhalten?', 'animals', 2, 0),
(252, 'Welche Tierart hat die meisten verschiedenen Stimmtypen in ihrer Kommunikation?', 'animals', 2, 0),
(253, 'Welches Tier hat die längste Zunge im Verhältnis zur Körpergröße?', 'animals', 2, 0),
(254, 'Welches Tier besitzt den schärfsten Sehvermögen im Tierreich?', 'animals', 2, 0),
(255, 'Welche Art von Wurm kann sich in mehrere Teile teilen und jeder Teil wächst zu einem neuen Wurm heran?', 'animals', 2, 0),
(256, 'Welches Tier kann seine Farbe ändern, um sich zu tarnen?', 'animals', 2, 0),
(257, 'Welches Tier kann ohne Kopf weiterleben, bis es verhungert?', 'animals', 2, 0),
(258, 'Welches Tier kann seine Wirbelsäule verflüssigen, um sich durch enge Spalten zu quetschen?', 'animals', 2, 0),
(259, 'Welches Tier hat das größte Gehirn im Vergleich zu seinem Körpergewicht?', 'animals', 2, 0),
(260, 'Welches Tier wird oft als \"lebendes Fossil\" bezeichnet, weil es sich seit Millionen von Jahren kaum verändert hat?', 'animals', 2, 0),
(261, 'Welche Tiere sind bekannt dafür, dass sie in sozialen Gruppen leben und eine komplexe Hierarchie haben?', 'animals', 2, 1),
(262, 'Welche Tiere sind sowohl Pflanzenfresser als auch Fleischfresser?', 'animals', 2, 1),
(263, 'Welche Tiere sind in der Lage, elektrische Felder zu erzeugen oder zu nutzen?', 'animals', 2, 1),
(264, 'Welche Tiere haben die Fähigkeit zur Echolokation?', 'animals', 2, 1),
(265, 'Welche Tiere sind für ihre Fähigkeit bekannt, in extremen Kältebedingungen zu überleben?', 'animals', 2, 1),
(266, 'Welche Tiere können auf Wasser laufen?', 'animals', 2, 1),
(267, 'Welche Tiere haben die Fähigkeit, extreme Temperaturen zu tolerieren?', 'animals', 2, 1),
(268, 'Welche Tiere sind dafür bekannt, dass sie sowohl Tag- als auch Nachaktiv sind?', 'animals', 2, 1),
(269, 'Welche Tiere sind bekannt dafür, dass sie eine außergewöhnliche Intelligenz besitzen?', 'animals', 2, 1),
(270, 'Welche Tiere sind für ihre Fähigkeit bekannt, ein komplexes Nest zu bauen?', 'animals', 2, 1),
(271, 'Which of these events contributed to the fall of the Roman Empire?', 'history', 2, 1),
(272, 'Which of these civilizations developed the concept of zero in mathematics?', 'history', 2, 1),
(273, 'Which of these leaders were part of the Allied Powers during World War II?', 'history', 2, 1),
(274, 'Which of these inventions were developed during the Industrial Revolution?', 'history', 2, 1),
(275, 'Which of these ancient cities were known for their advanced sewage systems?', 'history', 2, 1),
(276, 'Which of these events occurred during the Renaissance period?', 'history', 2, 1),
(277, 'Which of these philosophers influenced the ideas of the Enlightenment?', 'history', 2, 1),
(278, 'Which of these ancient wonders still exist today?', 'history', 2, 1),
(279, 'Which of these countries were part of the Axis powers during World War II?', 'history', 2, 1),
(280, 'Which of these events led to the start of World War I?', 'history', 2, 1),
(281, 'Welcher römische Kaiser erließ das Edikt von Mailand, das das Christentum legalisierte?', 'history', 2, 0),
(282, 'In welchem Jahr wurde die Magna Carta unterzeichnet?', 'history', 2, 0),
(283, 'Wer war der Anführer der Sklavenrebellion im antiken Rom, bekannt als der Spartakusaufstand?', 'history', 2, 0),
(284, 'Welche Schlacht markierte das Ende des Hundertjährigen Krieges?', 'history', 2, 0),
(285, 'Wer war der erste Shogun des Tokugawa-Shogunats in Japan?', 'history', 2, 0),
(286, 'Welches Ereignis löste den Dreißigjährigen Krieg aus?', 'history', 2, 0),
(287, 'Wer war der Hauptarchitekt der russischen Revolution von 1917?', 'history', 2, 0),
(288, 'Welche Entdeckung führte zur Entzifferung der ägyptischen Hieroglyphen?', 'history', 2, 0),
(289, 'Wer war der erste Kaiser des Heiligen Römischen Reiches?', 'history', 2, 0),
(290, 'Welches Ereignis wird oft als Auslöser für den Ersten Weltkrieg bezeichnet?', 'history', 2, 0),
(291, 'Wer führte die Langobarden bei ihrer Invasion Italiens im 6. Jahrhundert an?', 'history', 2, 0),
(292, 'Welche Schlacht beendete die Napoleonischen Kriege endgültig?', 'history', 2, 0),
(293, 'Wer war der Gründer des Mongolenreiches?', 'history', 2, 0),
(294, 'Welches Ereignis markierte den Beginn der Französischen Revolution?', 'history', 2, 0),
(295, 'Wer war der letzte Herrscher des Inkareiches?', 'history', 2, 0),
(296, 'Welche Zivilisation erbaute die Stadt Teotihuacan in Mexiko?', 'history', 2, 0),
(297, 'Wer war der Anführer der Hugenotten während der Französischen Religionskriege?', 'history', 2, 0),
(298, 'Welches Ereignis führte zur Gründung der Vereinten Nationen?', 'history', 2, 0),
(299, 'Wer war der Begründer des Sufismus, der mystischen Tradition des Islam?', 'history', 2, 0),
(300, 'Welche Schlacht gilt als Wendepunkt des Amerikanischen Unabhängigkeitskrieges?', 'history', 2, 0);

-- --------------------------------------------------------

--
-- Table structure for table `ranking_advanced`
--

CREATE TABLE `ranking_advanced` (
  `id` int NOT NULL,
  `name` varchar(50) CHARACTER SET utf8mb4 COLLATE utf8mb4_unicode_ci NOT NULL,
  `points` int NOT NULL,
  `time` int NOT NULL,
  `animals` tinyint(1) NOT NULL DEFAULT '0',
  `geography` tinyint(1) NOT NULL DEFAULT '0',
  `history` tinyint(1) NOT NULL DEFAULT '0',
  `football` tinyint(1) NOT NULL DEFAULT '0',
  `easy` tinyint(1) NOT NULL DEFAULT '0',
  `hard` tinyint(1) NOT NULL DEFAULT '0',
  `standard` tinyint(1) NOT NULL DEFAULT '0',
  `rapid` tinyint(1) NOT NULL DEFAULT '0',
  `elimination` tinyint(1) NOT NULL DEFAULT '0'
) ENGINE=InnoDB DEFAULT CHARSET=utf8mb4 COLLATE=utf8mb4_unicode_ci;

--
-- Dumping data for table `ranking_advanced`
--

INSERT INTO `ranking_advanced` (`id`, `name`, `points`, `time`, `animals`, `geography`, `history`, `football`, `easy`, `hard`, `standard`, `rapid`, `elimination`) VALUES
(29, 'quiztimetest', 1, 11049, 1, 0, 0, 0, 1, 0, 1, 0, 0),
(30, 'philipp', 2, 8889, 0, 1, 0, 0, 1, 0, 1, 0, 0),
(31, 'jhjh', 2, 8564, 0, 0, 1, 0, 1, 0, 1, 0, 0),
(33, 'philipp_2', 3, 8315, 0, 0, 1, 0, 1, 0, 1, 0, 0),
(35, 'philipp_4', 2, 7348, 0, 0, 1, 0, 1, 0, 1, 0, 0),
(36, 'philipp_5', 2, 7348, 0, 0, 1, 0, 1, 0, 1, 0, 0),
(37, 'philipp_6', 2, 6503, 0, 0, 1, 0, 1, 0, 1, 0, 0),
(38, 'philipp_7', 2, 6945, 0, 0, 1, 0, 1, 0, 1, 0, 0),
(42, 'philipp_1', 2, 7502, 0, 0, 1, 0, 1, 0, 1, 0, 0),
(43, 'lex', 0, 9826, 0, 0, 0, 1, 1, 0, 1, 0, 0),
(44, '12', 0, 9826, 0, 0, 0, 1, 1, 0, 1, 0, 0),
(45, 'lex_1', 0, 9826, 0, 0, 0, 1, 1, 0, 1, 0, 0),
(46, 'philipp_10', 2, 6964, 0, 0, 0, 1, 1, 0, 1, 0, 0),
(47, 'philipp_9', 2, 6660, 0, 0, 1, 0, 1, 0, 1, 0, 0),
(48, 'philipp_3', 3, 6898, 0, 0, 1, 0, 1, 0, 1, 0, 0),
(49, 'philipp_8', 3, 6631, 0, 0, 1, 0, 1, 0, 1, 0, 0);

--
-- Triggers `ranking_advanced`
--
DELIMITER $$
CREATE TRIGGER `before_insert_ranking_advanced` BEFORE INSERT ON `ranking_advanced` FOR EACH ROW BEGIN
    DECLARE base_name VARCHAR(255);
    DECLARE suffix INT DEFAULT 0;
    DECLARE new_name VARCHAR(255);
    DECLARE suffix_record INT;

    SET base_name = NEW.name;
    SET new_name = base_name;

    -- Überprüfen und Anpassen des Namens
    WHILE EXISTS (SELECT 1 FROM ranking_advanced WHERE name = new_name) DO
        -- Check if base_name exists in the suffix table
        SELECT suffix INTO suffix_record FROM name_suffix WHERE base_name = base_name FOR UPDATE;

        IF suffix_record IS NULL THEN
            -- Insert new base_name into suffix table
            INSERT INTO name_suffix (base_name, suffix) VALUES (base_name, 1);
            SET suffix = 1;
        ELSE
            -- Update suffix value and set new suffix
            SET suffix = suffix_record + 1;
            UPDATE name_suffix SET suffix = suffix WHERE base_name = base_name;
        END IF;

        SET new_name = CONCAT(base_name, '_', suffix);
    END WHILE;

    SET NEW.name = new_name;
END
$$
DELIMITER ;

--
-- Indexes for dumped tables
--

--
-- Indexes for table `answers`
--
ALTER TABLE `answers`
  ADD PRIMARY KEY (`id`),
  ADD KEY `question_id` (`question_id`);

--
-- Indexes for table `name_suffix`
--
ALTER TABLE `name_suffix`
  ADD PRIMARY KEY (`base_name`);

--
-- Indexes for table `questions`
--
ALTER TABLE `questions`
  ADD PRIMARY KEY (`id`);

--
-- Indexes for table `ranking_advanced`
--
ALTER TABLE `ranking_advanced`
  ADD PRIMARY KEY (`id`);

--
-- AUTO_INCREMENT for dumped tables
--

--
-- AUTO_INCREMENT for table `answers`
--
ALTER TABLE `answers`
  MODIFY `id` int NOT NULL AUTO_INCREMENT, AUTO_INCREMENT=969;

--
-- AUTO_INCREMENT for table `questions`
--
ALTER TABLE `questions`
  MODIFY `id` int NOT NULL AUTO_INCREMENT, AUTO_INCREMENT=301;

--
-- AUTO_INCREMENT for table `ranking_advanced`
--
ALTER TABLE `ranking_advanced`
  MODIFY `id` int NOT NULL AUTO_INCREMENT, AUTO_INCREMENT=50;

--
-- Constraints for dumped tables
--

--
-- Constraints for table `answers`
--
ALTER TABLE `answers`
  ADD CONSTRAINT `answers_ibfk_1` FOREIGN KEY (`question_id`) REFERENCES `questions` (`id`) ON DELETE RESTRICT ON UPDATE RESTRICT;
COMMIT;

/*!40101 SET CHARACTER_SET_CLIENT=@OLD_CHARACTER_SET_CLIENT */;
/*!40101 SET CHARACTER_SET_RESULTS=@OLD_CHARACTER_SET_RESULTS */;
/*!40101 SET COLLATION_CONNECTION=@OLD_COLLATION_CONNECTION */;